[{"@type":"connection","id":"@1","name":"conn_bigquery_bronze","runtimeEnvironmentId":"@6foaYNZJEYGbfh8vym9Zoh","instanceName":"Google Big Query V2","instanceDisplayName":"Google BigQuery V2","type":"TOOLKIT_CCI","baseType":"TOOLKIT","subType":"TOOLKIT_CCI","port":0,"majorUpdateTime":"2025-01-24T08:05:28.000Z","timeout":60,"connParams":{"provideOptionalProperties":"","agentId":"01D4X108000000000004","initialRetryDelay":"","oAuthRefreshKey":"","agentGroupId":"01D4X125000000000006","datasetNameValue":"","datasetNameForCustomQuery":"leafy-metrics-448709-f8.Bronze","CCM_CONN_PRESENTATION":"{\"type\":\"TOOLKIT_CCI\",\"instanceName\":\"Google Big Query V2\",\"groups\":[{\"groups\":[{\"groups\":[],\"attributes\":[{\"name\":\"agentGroupId\",\"displayName\":\"conn_agent_group\",\"tooltip\":\"conn_agent_group_help\",\"type\":\"AGENTGROUP\",\"segregationCategory\":\"BASIC\",\"maxLength\":0,\"numRows\":0,\"mandatory\":true,\"basic\":false,\"disabled\":false,\"hidden\":false,\"hasDependentAttributes\":false,\"connectionParam\":false,\"encrypted\":false,\"isNative\":false,\"attrId\":0,\"deprecated\":false,\"vaultEnabled\":false,\"dynamicRTConnAttrLink\":false}],\"title\":\"Google BigQuery V2 Properties\",\"enableDocHelp\":true,\"docHelpContextId\":\"EA_GBQV2_CONN\",\"collapse\":false},{\"groups\":[],\"attributes\":[{\"name\":\"authentication\",\"displayName\":\"Authentication Type\",\"tooltip\":\"The authentication method to access Google BigQuery resources.\",\"defaultValue\":\"Service Account\",\"type\":\"LIST\",\"segregationCategory\":\"BASIC\",\"maxLength\":0,\"numRows\":0,\"mandatory\":false,\"basic\":false,\"disabled\":false,\"hidden\":false,\"hasDependentAttributes\":true,\"connectionParam\":false,\"options\":[{\"name\":\"Service Account\",\"displayName\":\"Service Account\"}],\"subgroups\":[{\"name\":\"Service Account\",\"group\":{\"groups\":[],\"attributes\":[{\"name\":\"clientEmail\",\"displayName\":\"Service Account Email\",\"tooltip\":\"The email ID of the Google service account.\",\"defaultValue\":\"\",\"type\":\"STRING\",\"segregationCategory\":\"BASIC\",\"maxLength\":0,\"numRows\":0,\"mandatory\":true,\"basic\":false,\"disabled\":false,\"hidden\":false,\"hasDependentAttributes\":false,\"connectionParam\":true,\"encrypted\":false,\"isNative\":false,\"attrId\":0,\"deprecated\":false,\"vaultEnabled\":false,\"helpContextId\":\"EA_GBQV2_CONN-SERVICE_ACCOUNT-CLIENTEMAIL\",\"dynamicRTConnAttrLink\":false},{\"name\":\"privateKey\",\"displayName\":\"Service Account Key\",\"tooltip\":\"The private key of the Google service account.\",\"defaultValue\":\"\",\"type\":\"PASSWORD\",\"segregationCategory\":\"BASIC\",\"maxLength\":0,\"numRows\":0,\"mandatory\":true,\"basic\":false,\"disabled\":false,\"hidden\":false,\"hasDependentAttributes\":false,\"connectionParam\":true,\"encrypted\":true,\"isNative\":false,\"attrId\":0,\"deprecated\":false,\"vaultEnabled\":false,\"helpContextId\":\"EA_GBQV2_CONN-SERVICE_ACCOUNT-PRIVATEKEY\",\"dynamicRTConnAttrLink\":false},{\"name\":\"accessToken\",\"displayName\":\"Access Token\",\"tooltip\":\"The access token granted by Google Cloud Platform to securely access Google BigQuery. Click Generate Access Token to generate a new access token.\",\"defaultValue\":\"\",\"type\":\"PASSWORD\",\"segregationCategory\":\"BASIC\",\"maxLength\":0,\"numRows\":0,\"mandatory\":false,\"basic\":false,\"disabled\":false,\"hidden\":true,\"hasDependentAttributes\":false,\"connectionParam\":true,\"encrypted\":true,\"isNative\":false,\"attrId\":0,\"deprecated\":false,\"tagList\":[\"OAuth_access_token\"],\"vaultEnabled\":false,\"helpContextId\":\"EA_GBQV2_CONN-SERVICE_ACCOUNT-ACCESSTOKEN\",\"dynamicRTConnAttrLink\":false},{\"name\":\"enableStorageAPI\",\"displayName\":\"Enable BigQuery Storage API\",\"tooltip\":\"Uses the BigQuery Storage API to read or write data directly without staging. To use Google Cloud Storage staging, clear this option and provide the Google Cloud Storage path for staging.\",\"defaultValue\":\"false\",\"type\":\"BOOLEAN\",\"segregationCategory\":\"ADVANCE\",\"maxLength\":0,\"numRows\":0,\"mandatory\":false,\"basic\":false,\"disabled\":false,\"hidden\":false,\"hasDependentAttributes\":true,\"connectionParam\":true,\"encrypted\":false,\"isNative\":false,\"attrId\":0,\"deprecated\":false,\"vaultEnabled\":false,\"helpContextId\":\"EA_GBQV2_CONN-SERVICE_ACCOUNT-ENABLESTORAGEAPI\",\"dynamicRTConnAttrLink\":false},{\"name\":\"storagePath\",\"displayName\":\"Storage Path\",\"tooltip\":\"Path in Google Cloud Storage where the Secure Agent creates a local stage file to store the data temporarily. Use the format gs://\\u0026lt;bucket_name\\u0026gt;/[\\u0026lt;folder_name\\u0026gt;].\",\"defaultValue\":\"\",\"type\":\"STRING\",\"segregationCategory\":\"ADVANCE\",\"maxLength\":0,\"numRows\":0,\"mandatory\":false,\"basic\":false,\"disabled\":false,\"hidden\":false,\"hasDependentAttributes\":false,\"connectionParam\":true,\"encrypted\":false,\"isNative\":false,\"attrId\":0,\"deprecated\":false,\"vaultEnabled\":false,\"helpContextId\":\"EA_GBQV2_CONN-SERVICE_ACCOUNT-STORAGEPATH\",\"dynamicRTConnAttrLink\":false},{\"name\":\"connectorType\",\"displayName\":\"Connection Mode\",\"tooltip\":\"Select the connection mode to read data from or write data to Google BigQuery. \",\"defaultValue\":\"Simple\",\"type\":\"LIST\",\"segregationCategory\":\"ADVANCE\",\"maxLength\":0,\"numRows\":0,\"mandatory\":false,\"basic\":false,\"disabled\":false,\"hidden\":false,\"hasDependentAttributes\":false,\"connectionParam\":true,\"options\":[{\"name\":\"Simple\",\"displayName\":\"Simple\"},{\"name\":\"Hybrid\",\"displayName\":\"Hybrid\"},{\"name\":\"Complex\",\"displayName\":\"Complex\"}],\"encrypted\":false,\"isNative\":false,\"attrId\":0,\"deprecated\":false,\"vaultEnabled\":false,\"helpContextId\":\"EA_GBQV2_CONN-SERVICE_ACCOUNT-CONNECTORTYPE\",\"dynamicRTConnAttrLink\":false},{\"name\":\"useLegacySQLForCustomQuery\",\"displayName\":\"Use Legacy SQL for Custom Query\",\"tooltip\":\"Use legacy SQL to define a custom query. If you unselect this option, use Standard SQL to define a custom query.\",\"defaultValue\":\"false\",\"type\":\"BOOLEAN\",\"segregationCategory\":\"ADVANCE\",\"maxLength\":0,\"numRows\":0,\"mandatory\":false,\"basic\":false,\"disabled\":false,\"hidden\":false,\"hasDependentAttributes\":false,\"connectionParam\":true,\"encrypted\":false,\"isNative\":false,\"attrId\":0,\"deprecated\":false,\"vaultEnabled\":false,\"helpContextId\":\"EA_GBQV2_CONN-SERVICE_ACCOUNT-USELEGACYSQLFORCUSTOMQUERY\",\"dynamicRTConnAttrLink\":false},{\"name\":\"schemaLocation\",\"displayName\":\"Schema Definition File Path\",\"tooltip\":\"Directory where the Secure Agent stores the schema definition JSON file.\",\"defaultValue\":\"\",\"type\":\"STRING\",\"segregationCategory\":\"ADVANCE\",\"maxLength\":0,\"numRows\":0,\"mandatory\":false,\"basic\":false,\"disabled\":false,\"hidden\":false,\"hasDependentAttributes\":false,\"connectionParam\":true,\"encrypted\":false,\"isNative\":false,\"attrId\":0,\"deprecated\":false,\"vaultEnabled\":false,\"helpContextId\":\"EA_GBQV2_CONN-SERVICE_ACCOUNT-SCHEMALOCATION\",\"dynamicRTConnAttrLink\":false},{\"name\":\"datasetNameValue\",\"displayName\":\"Staging Dataset\",\"tooltip\":\"The Google BigQuery dataset name where you want to create the staging table to stage the data. You can define a Google BigQuery dataset that is different from the source or target dataset.\",\"defaultValue\":\"\",\"type\":\"STRING\",\"segregationCategory\":\"ADVANCE\",\"maxLength\":0,\"numRows\":0,\"mandatory\":false,\"basic\":false,\"disabled\":false,\"hidden\":false,\"hasDependentAttributes\":false,\"connectionParam\":true,\"encrypted\":false,\"isNative\":false,\"attrId\":0,\"deprecated\":false,\"vaultEnabled\":false,\"helpContextId\":\"EA_GBQV2_CONN-SERVICE_ACCOUNT-DATASETNAMEVALUE\",\"dynamicRTConnAttrLink\":false}],\"enableDocHelp\":false,\"collapse\":false}},{\"name\":\"Service Account\",\"group\":{\"groups\":[],\"attributes\":[{\"name\":\"storagePath\",\"displayName\":\"Storage Path\",\"tooltip\":\"Path in Google Cloud Storage where the Secure Agent creates a local stage file to store the data temporarily. Use the format gs://\\u0026lt;bucket_name\\u0026gt;/[\\u0026lt;folder_name\\u0026gt;].\",\"defaultValue\":\"\",\"type\":\"STRING\",\"segregationCategory\":\"ADVANCE\",\"maxLength\":0,\"numRows\":0,\"mandatory\":false,\"basic\":false,\"disabled\":true,\"hidden\":true,\"hasDependentAttributes\":false,\"connectionParam\":true,\"encrypted\":false,\"isNative\":false,\"attrId\":0,\"deprecated\":false,\"vaultEnabled\":false,\"helpContextId\":\"EA_GBQV2_CONN-TRUE-SERVICE_ACCOUNT-STORAGEPATH\",\"dynamicRTConnAttrLink\":false},{\"name\":\"connectorType\",\"displayName\":\"Connection Mode\",\"tooltip\":\"Select the connection mode to read data from or write data to Google BigQuery. \",\"defaultValue\":\"Hybrid\",\"type\":\"LIST\",\"segregationCategory\":\"ADVANCE\",\"maxLength\":0,\"numRows\":0,\"mandatory\":false,\"basic\":false,\"disabled\":true,\"hidden\":true,\"hasDependentAttributes\":false,\"connectionParam\":true,\"options\":[{\"name\":\"Simple\",\"displayName\":\"Simple\"},{\"name\":\"Hybrid\",\"displayName\":\"Hybrid\"},{\"name\":\"Complex\",\"displayName\":\"Complex\"}],\"encrypted\":false,\"isNative\":false,\"attrId\":0,\"deprecated\":false,\"vaultEnabled\":false,\"helpContextId\":\"EA_GBQV2_CONN-TRUE-SERVICE_ACCOUNT-CONNECTORTYPE\",\"dynamicRTConnAttrLink\":false},{\"name\":\"useLegacySQLForCustomQuery\",\"displayName\":\"Use Legacy SQL for Custom Query\",\"tooltip\":\"Use legacy SQL to define a custom query. If you unselect this option, use Standard SQL to define a custom query.\",\"defaultValue\":\"false\",\"type\":\"BOOLEAN\",\"segregationCategory\":\"ADVANCE\",\"maxLength\":0,\"numRows\":0,\"mandatory\":false,\"basic\":false,\"disabled\":true,\"hidden\":true,\"hasDependentAttributes\":false,\"connectionParam\":true,\"encrypted\":false,\"isNative\":false,\"attrId\":0,\"deprecated\":false,\"vaultEnabled\":false,\"helpContextId\":\"EA_GBQV2_CONN-TRUE-SERVICE_ACCOUNT-USELEGACYSQLFORCUSTOMQUERY\",\"dynamicRTConnAttrLink\":false},{\"name\":\"schemaLocation\",\"displayName\":\"Schema Definition File Path\",\"tooltip\":\"Directory where the Secure Agent stores the schema definition JSON file.\",\"defaultValue\":\"\",\"type\":\"STRING\",\"segregationCategory\":\"ADVANCE\",\"maxLength\":0,\"numRows\":0,\"mandatory\":false,\"basic\":false,\"disabled\":true,\"hidden\":true,\"hasDependentAttributes\":false,\"connectionParam\":true,\"encrypted\":false,\"isNative\":false,\"attrId\":0,\"deprecated\":false,\"vaultEnabled\":false,\"helpContextId\":\"EA_GBQV2_CONN-TRUE-SERVICE_ACCOUNT-SCHEMALOCATION\",\"dynamicRTConnAttrLink\":false},{\"name\":\"datasetNameValue\",\"displayName\":\"Staging Dataset\",\"tooltip\":\"The Google BigQuery dataset name where you want to create the staging table to stage the data. You can define a Google BigQuery dataset that is different from the source or target dataset.\",\"defaultValue\":\"\",\"type\":\"STRING\",\"segregationCategory\":\"ADVANCE\",\"maxLength\":0,\"numRows\":0,\"mandatory\":false,\"basic\":false,\"disabled\":true,\"hidden\":true,\"hasDependentAttributes\":false,\"connectionParam\":true,\"encrypted\":false,\"isNative\":false,\"attrId\":0,\"deprecated\":false,\"vaultEnabled\":false,\"helpContextId\":\"EA_GBQV2_CONN-TRUE-SERVICE_ACCOUNT-DATASETNAMEVALUE\",\"dynamicRTConnAttrLink\":false}],\"enableDocHelp\":false,\"collapse\":false},\"combination\":{\"enableStorageAPI\":\"true\"}},{\"name\":\"Service Account\",\"group\":{\"groups\":[],\"attributes\":[{\"name\":\"storagePath\",\"displayName\":\"Storage Path\",\"tooltip\":\"Path in Google Cloud Storage where the Secure Agent creates a local stage file to store the data temporarily. Use the format gs://\\u0026lt;bucket_name\\u0026gt;/[\\u0026lt;folder_name\\u0026gt;].\",\"defaultValue\":\"\",\"type\":\"STRING\",\"segregationCategory\":\"ADVANCE\",\"maxLength\":0,\"numRows\":0,\"mandatory\":false,\"basic\":false,\"disabled\":false,\"hidden\":false,\"hasDependentAttributes\":false,\"connectionParam\":true,\"encrypted\":false,\"isNative\":false,\"attrId\":0,\"deprecated\":false,\"vaultEnabled\":false,\"helpContextId\":\"EA_GBQV2_CONN-FALSE-SERVICE_ACCOUNT-STORAGEPATH\",\"dynamicRTConnAttrLink\":false},{\"name\":\"connectorType\",\"displayName\":\"Connection Mode\",\"tooltip\":\"Select the connection mode to read data from or write data to Google BigQuery. \",\"defaultValue\":\"Simple\",\"type\":\"LIST\",\"segregationCategory\":\"ADVANCE\",\"maxLength\":0,\"numRows\":0,\"mandatory\":false,\"basic\":false,\"disabled\":false,\"hidden\":false,\"hasDependentAttributes\":false,\"connectionParam\":true,\"options\":[{\"name\":\"Simple\",\"displayName\":\"Simple\"},{\"name\":\"Hybrid\",\"displayName\":\"Hybrid\"},{\"name\":\"Complex\",\"displayName\":\"Complex\"}],\"encrypted\":false,\"isNative\":false,\"attrId\":0,\"deprecated\":false,\"vaultEnabled\":false,\"helpContextId\":\"EA_GBQV2_CONN-FALSE-SERVICE_ACCOUNT-CONNECTORTYPE\",\"dynamicRTConnAttrLink\":false},{\"name\":\"useLegacySQLForCustomQuery\",\"displayName\":\"Use Legacy SQL for Custom Query\",\"tooltip\":\"Use legacy SQL to define a custom query. If you unselect this option, use Standard SQL to define a custom query.\",\"defaultValue\":\"false\",\"type\":\"BOOLEAN\",\"segregationCategory\":\"ADVANCE\",\"maxLength\":0,\"numRows\":0,\"mandatory\":false,\"basic\":false,\"disabled\":false,\"hidden\":false,\"hasDependentAttributes\":false,\"connectionParam\":true,\"encrypted\":false,\"isNative\":false,\"attrId\":0,\"deprecated\":false,\"vaultEnabled\":false,\"helpContextId\":\"EA_GBQV2_CONN-FALSE-SERVICE_ACCOUNT-USELEGACYSQLFORCUSTOMQUERY\",\"dynamicRTConnAttrLink\":false},{\"name\":\"schemaLocation\",\"displayName\":\"Schema Definition File Path\",\"tooltip\":\"Directory where the Secure Agent stores the schema definition JSON file.\",\"defaultValue\":\"\",\"type\":\"STRING\",\"segregationCategory\":\"ADVANCE\",\"maxLength\":0,\"numRows\":0,\"mandatory\":false,\"basic\":false,\"disabled\":false,\"hidden\":false,\"hasDependentAttributes\":false,\"connectionParam\":true,\"encrypted\":false,\"isNative\":false,\"attrId\":0,\"deprecated\":false,\"vaultEnabled\":false,\"helpContextId\":\"EA_GBQV2_CONN-FALSE-SERVICE_ACCOUNT-SCHEMALOCATION\",\"dynamicRTConnAttrLink\":false},{\"name\":\"datasetNameValue\",\"displayName\":\"Staging Dataset\",\"tooltip\":\"The Google BigQuery dataset name where you want to create the staging table to stage the data. You can define a Google BigQuery dataset that is different from the source or target dataset.\",\"defaultValue\":\"\",\"type\":\"STRING\",\"segregationCategory\":\"ADVANCE\",\"maxLength\":0,\"numRows\":0,\"mandatory\":false,\"basic\":false,\"disabled\":false,\"hidden\":false,\"hasDependentAttributes\":false,\"connectionParam\":true,\"encrypted\":false,\"isNative\":false,\"attrId\":0,\"deprecated\":false,\"vaultEnabled\":false,\"helpContextId\":\"EA_GBQV2_CONN-FALSE-SERVICE_ACCOUNT-DATASETNAMEVALUE\",\"dynamicRTConnAttrLink\":false}],\"enableDocHelp\":false,\"collapse\":false},\"combination\":{\"enableStorageAPI\":\"false\"}}],\"encrypted\":false,\"isNative\":false,\"attrId\":0,\"deprecated\":false,\"tagList\":[\"OAuth_grant_type\"],\"vaultEnabled\":false,\"helpContextId\":\"EA_GBQV2_CONN-AUTHENTICATION\",\"dynamicRTConnAttrLink\":false},{\"name\":\"clientEmail\",\"displayName\":\"Service Account Email\",\"tooltip\":\"The email ID of the Google service account.\",\"defaultValue\":\"\",\"type\":\"STRING\",\"segregationCategory\":\"BASIC\",\"maxLength\":0,\"numRows\":0,\"mandatory\":false,\"basic\":false,\"disabled\":false,\"hidden\":false,\"hasDependentAttributes\":false,\"connectionParam\":false,\"encrypted\":false,\"isNative\":false,\"attrId\":0,\"deprecated\":false,\"vaultEnabled\":false,\"helpContextId\":\"EA_GBQV2_CONN-SERVICE_ACCOUNT-CLIENTEMAIL\",\"dynamicRTConnAttrLink\":false},{\"name\":\"privateKey\",\"displayName\":\"Service Account Key\",\"tooltip\":\"The private key of the Google service account.\",\"defaultValue\":\"\",\"type\":\"PASSWORD\",\"segregationCategory\":\"BASIC\",\"maxLength\":0,\"numRows\":0,\"mandatory\":false,\"basic\":false,\"disabled\":false,\"hidden\":false,\"hasDependentAttributes\":false,\"connectionParam\":false,\"encrypted\":true,\"isNative\":false,\"attrId\":0,\"deprecated\":false,\"vaultEnabled\":false,\"helpContextId\":\"EA_GBQV2_CONN-SERVICE_ACCOUNT-PRIVATEKEY\",\"dynamicRTConnAttrLink\":false},{\"name\":\"accessToken\",\"displayName\":\"Access Token\",\"tooltip\":\"The access token granted by Google Cloud Platform to securely access Google BigQuery. Click Generate Access Token to generate a new access token.\",\"defaultValue\":\"\",\"type\":\"PASSWORD\",\"segregationCategory\":\"BASIC\",\"maxLength\":0,\"numRows\":0,\"mandatory\":false,\"basic\":false,\"disabled\":false,\"hidden\":true,\"hasDependentAttributes\":false,\"connectionParam\":false,\"encrypted\":true,\"isNative\":false,\"attrId\":0,\"deprecated\":false,\"tagList\":[\"OAuth_access_token\"],\"vaultEnabled\":false,\"helpContextId\":\"EA_GBQV2_CONN-SERVICE_ACCOUNT-ACCESSTOKEN\",\"dynamicRTConnAttrLink\":false},{\"name\":\"projectId\",\"displayName\":\"Project ID\",\"tooltip\":\"The ID of the project in the Google service account that contains the dataset that you want to connect to.\",\"defaultValue\":\"\",\"type\":\"STRING\",\"segregationCategory\":\"BASIC\",\"maxLength\":0,\"numRows\":0,\"mandatory\":true,\"basic\":false,\"disabled\":false,\"hidden\":false,\"hasDependentAttributes\":false,\"connectionParam\":false,\"encrypted\":false,\"isNative\":false,\"attrId\":0,\"deprecated\":false,\"vaultEnabled\":false,\"helpContextId\":\"EA_GBQV2_CONN-PROJECTID\",\"dynamicRTConnAttrLink\":false},{\"name\":\"accessTokenExpireIn\",\"displayName\":\"Access Token Expire In\",\"tooltip\":\"Access Token Expire In\",\"defaultValue\":\"\",\"type\":\"STRING\",\"segregationCategory\":\"ADVANCE\",\"maxLength\":0,\"numRows\":0,\"mandatory\":false,\"basic\":false,\"disabled\":true,\"hidden\":true,\"hasDependentAttributes\":false,\"connectionParam\":false,\"encrypted\":false,\"isNative\":false,\"attrId\":0,\"deprecated\":false,\"tagList\":[\"OAuth_access_token_expire_in\"],\"vaultEnabled\":false,\"helpContextId\":\"EA_GBQV2_CONN-ACCESSTOKENEXPIREIN\",\"dynamicRTConnAttrLink\":false},{\"name\":\"refreshToken\",\"displayName\":\"Refresh Token\",\"tooltip\":\"Refresh Token\",\"defaultValue\":\"\",\"type\":\"PASSWORD\",\"segregationCategory\":\"ADVANCE\",\"maxLength\":0,\"numRows\":0,\"mandatory\":false,\"basic\":false,\"disabled\":true,\"hidden\":true,\"hasDependentAttributes\":false,\"connectionParam\":false,\"encrypted\":true,\"isNative\":false,\"attrId\":0,\"deprecated\":false,\"tagList\":[\"OAuth_refresh_token\"],\"vaultEnabled\":false,\"helpContextId\":\"EA_GBQV2_CONN-REFRESHTOKEN\",\"dynamicRTConnAttrLink\":false},{\"name\":\"refreshTokenExpireIn\",\"displayName\":\"Refresh Token Expire In\",\"tooltip\":\"Refresh Token Expire In\",\"defaultValue\":\"\",\"type\":\"STRING\",\"segregationCategory\":\"ADVANCE\",\"maxLength\":0,\"numRows\":0,\"mandatory\":false,\"basic\":false,\"disabled\":true,\"hidden\":true,\"hasDependentAttributes\":false,\"connectionParam\":false,\"encrypted\":false,\"isNative\":false,\"attrId\":0,\"deprecated\":false,\"tagList\":[\"OAuth_refresh_token_expire_in\"],\"vaultEnabled\":false,\"helpContextId\":\"EA_GBQV2_CONN-REFRESHTOKENEXPIREIN\",\"dynamicRTConnAttrLink\":false},{\"name\":\"clientAuthentication\",\"displayName\":\"Client Authentication\",\"tooltip\":\"Client Authentication\",\"defaultValue\":\"Basic Auth Header\",\"type\":\"LIST\",\"segregationCategory\":\"ADVANCE\",\"maxLength\":0,\"numRows\":0,\"mandatory\":false,\"basic\":false,\"disabled\":false,\"hidden\":true,\"hasDependentAttributes\":false,\"connectionParam\":false,\"options\":[{\"name\":\"Basic Auth Header\",\"displayName\":\"Basic Auth Header\"}],\"encrypted\":false,\"isNative\":false,\"attrId\":0,\"deprecated\":false,\"tagList\":[\"OAuth_Client_Authentication\"],\"vaultEnabled\":false,\"helpContextId\":\"EA_GBQV2_CONN-CLIENTAUTHENTICATION\",\"dynamicRTConnAttrLink\":false},{\"name\":\"oAuthRefreshKey\",\"displayName\":\"OAuth Refresh Key\",\"tooltip\":\"OAuth Refresh Key\",\"defaultValue\":\"\",\"type\":\"STRING\",\"segregationCategory\":\"ADVANCE\",\"maxLength\":0,\"numRows\":0,\"mandatory\":false,\"basic\":false,\"disabled\":true,\"hidden\":true,\"hasDependentAttributes\":false,\"connectionParam\":false,\"encrypted\":false,\"isNative\":false,\"attrId\":0,\"deprecated\":false,\"tagList\":[\"Oauth_Refresh_key\"],\"vaultEnabled\":false,\"helpContextId\":\"EA_GBQV2_CONN-OAUTHREFRESHKEY\",\"dynamicRTConnAttrLink\":false},{\"name\":\"oAuthRefreshText\",\"displayName\":\"OAuth Refresh Text\",\"tooltip\":\"OAuth Refresh Text\",\"defaultValue\":\"\",\"type\":\"STRING\",\"segregationCategory\":\"ADVANCE\",\"maxLength\":0,\"numRows\":0,\"mandatory\":false,\"basic\":false,\"disabled\":true,\"hidden\":true,\"hasDependentAttributes\":false,\"connectionParam\":false,\"encrypted\":false,\"isNative\":false,\"attrId\":0,\"deprecated\":false,\"tagList\":[\"OAuth_Refresh_Text\"],\"vaultEnabled\":false,\"helpContextId\":\"EA_GBQV2_CONN-OAUTHREFRESHTEXT\",\"dynamicRTConnAttrLink\":false},{\"name\":\"oAuthRefreshUrl\",\"displayName\":\"OAuth Refresh URL\",\"tooltip\":\"OAuth Refresh URL\",\"defaultValue\":\"\",\"type\":\"STRING\",\"segregationCategory\":\"ADVANCE\",\"maxLength\":0,\"numRows\":0,\"mandatory\":false,\"basic\":false,\"disabled\":true,\"hidden\":true,\"hasDependentAttributes\":false,\"connectionParam\":false,\"encrypted\":false,\"isNative\":false,\"attrId\":0,\"deprecated\":false,\"tagList\":[\"OAuth_refresh_url\"],\"vaultEnabled\":false,\"helpContextId\":\"EA_GBQV2_CONN-OAUTHREFRESHURL\",\"dynamicRTConnAttrLink\":false},{\"name\":\"tokenType\",\"displayName\":\"Token Type\",\"tooltip\":\"Token Type\",\"defaultValue\":\"\",\"type\":\"STRING\",\"segregationCategory\":\"ADVANCE\",\"maxLength\":0,\"numRows\":0,\"mandatory\":false,\"basic\":false,\"disabled\":true,\"hidden\":true,\"hasDependentAttributes\":false,\"connectionParam\":false,\"encrypted\":false,\"isNative\":false,\"attrId\":0,\"deprecated\":false,\"tagList\":[\"OAuth_Token_type\"],\"vaultEnabled\":false,\"helpContextId\":\"EA_GBQV2_CONN-TOKENTYPE\",\"dynamicRTConnAttrLink\":false},{\"name\":\"generatedAt\",\"displayName\":\"Refresh Token Generation Time\",\"tooltip\":\"Refresh Token Generation Time\",\"defaultValue\":\"\",\"type\":\"STRING\",\"segregationCategory\":\"ADVANCE\",\"maxLength\":0,\"numRows\":0,\"mandatory\":false,\"basic\":false,\"disabled\":true,\"hidden\":true,\"hasDependentAttributes\":false,\"connectionParam\":false,\"encrypted\":false,\"isNative\":false,\"attrId\":0,\"deprecated\":false,\"tagList\":[\"OAuth_Generated_At\"],\"vaultEnabled\":false,\"helpContextId\":\"EA_GBQV2_CONN-GENERATEDAT\",\"dynamicRTConnAttrLink\":false},{\"name\":\"enableStorageAPI\",\"displayName\":\"Enable BigQuery Storage API\",\"tooltip\":\"Uses the BigQuery Storage API to read or write data directly without staging. To use Google Cloud Storage staging, clear this option and provide the Google Cloud Storage path for staging.\",\"defaultValue\":\"false\",\"type\":\"BOOLEAN\",\"segregationCategory\":\"ADVANCE\",\"maxLength\":0,\"numRows\":0,\"mandatory\":false,\"basic\":false,\"disabled\":false,\"hidden\":false,\"hasDependentAttributes\":true,\"connectionParam\":false,\"subgroups\":[{\"name\":\"true\",\"group\":{\"groups\":[],\"attributes\":[{\"name\":\"storagePath\",\"displayName\":\"Storage Path\",\"tooltip\":\"Path in Google Cloud Storage where the Secure Agent creates a local stage file to store the data temporarily. Use the format gs://\\u0026lt;bucket_name\\u0026gt;/[\\u0026lt;folder_name\\u0026gt;].\",\"defaultValue\":\"\",\"type\":\"STRING\",\"segregationCategory\":\"ADVANCE\",\"maxLength\":0,\"numRows\":0,\"mandatory\":false,\"basic\":false,\"disabled\":true,\"hidden\":true,\"hasDependentAttributes\":false,\"connectionParam\":true,\"encrypted\":false,\"isNative\":false,\"attrId\":0,\"deprecated\":false,\"vaultEnabled\":false,\"helpContextId\":\"EA_GBQV2_CONN-SERVICE_ACCOUNT-TRUE-STORAGEPATH\",\"dynamicRTConnAttrLink\":false},{\"name\":\"connectorType\",\"displayName\":\"Connection Mode\",\"tooltip\":\"Select the connection mode to read data from or write data to Google BigQuery. \",\"defaultValue\":\"Hybrid\",\"type\":\"LIST\",\"segregationCategory\":\"ADVANCE\",\"maxLength\":0,\"numRows\":0,\"mandatory\":false,\"basic\":false,\"disabled\":true,\"hidden\":true,\"hasDependentAttributes\":false,\"connectionParam\":true,\"options\":[{\"name\":\"Simple\",\"displayName\":\"Simple\"},{\"name\":\"Hybrid\",\"displayName\":\"Hybrid\"},{\"name\":\"Complex\",\"displayName\":\"Complex\"}],\"encrypted\":false,\"isNative\":false,\"attrId\":0,\"deprecated\":false,\"vaultEnabled\":false,\"helpContextId\":\"EA_GBQV2_CONN-SERVICE_ACCOUNT-TRUE-CONNECTORTYPE\",\"dynamicRTConnAttrLink\":false},{\"name\":\"useLegacySQLForCustomQuery\",\"displayName\":\"Use Legacy SQL for Custom Query\",\"tooltip\":\"Use legacy SQL to define a custom query. If you unselect this option, use Standard SQL to define a custom query.\",\"defaultValue\":\"false\",\"type\":\"BOOLEAN\",\"segregationCategory\":\"ADVANCE\",\"maxLength\":0,\"numRows\":0,\"mandatory\":false,\"basic\":false,\"disabled\":true,\"hidden\":true,\"hasDependentAttributes\":false,\"connectionParam\":true,\"encrypted\":false,\"isNative\":false,\"attrId\":0,\"deprecated\":false,\"vaultEnabled\":false,\"helpContextId\":\"EA_GBQV2_CONN-SERVICE_ACCOUNT-TRUE-USELEGACYSQLFORCUSTOMQUERY\",\"dynamicRTConnAttrLink\":false},{\"name\":\"schemaLocation\",\"displayName\":\"Schema Definition File Path\",\"tooltip\":\"Directory where the Secure Agent stores the schema definition JSON file.\",\"defaultValue\":\"\",\"type\":\"STRING\",\"segregationCategory\":\"ADVANCE\",\"maxLength\":0,\"numRows\":0,\"mandatory\":false,\"basic\":false,\"disabled\":true,\"hidden\":true,\"hasDependentAttributes\":false,\"connectionParam\":true,\"encrypted\":false,\"isNative\":false,\"attrId\":0,\"deprecated\":false,\"vaultEnabled\":false,\"helpContextId\":\"EA_GBQV2_CONN-SERVICE_ACCOUNT-TRUE-SCHEMALOCATION\",\"dynamicRTConnAttrLink\":false},{\"name\":\"datasetNameValue\",\"displayName\":\"Staging Dataset\",\"tooltip\":\"The Google BigQuery dataset name where you want to create the staging table to stage the data. You can define a Google BigQuery dataset that is different from the source or target dataset.\",\"defaultValue\":\"\",\"type\":\"STRING\",\"segregationCategory\":\"ADVANCE\",\"maxLength\":0,\"numRows\":0,\"mandatory\":false,\"basic\":false,\"disabled\":true,\"hidden\":true,\"hasDependentAttributes\":false,\"connectionParam\":true,\"encrypted\":false,\"isNative\":false,\"attrId\":0,\"deprecated\":false,\"vaultEnabled\":false,\"helpContextId\":\"EA_GBQV2_CONN-SERVICE_ACCOUNT-TRUE-DATASETNAMEVALUE\",\"dynamicRTConnAttrLink\":false}],\"enableDocHelp\":false,\"collapse\":false},\"combination\":{\"authentication\":\"Service Account\"}},{\"name\":\"false\",\"group\":{\"groups\":[],\"attributes\":[{\"name\":\"storagePath\",\"displayName\":\"Storage Path\",\"tooltip\":\"Path in Google Cloud Storage where the Secure Agent creates a local stage file to store the data temporarily. Use the format gs://\\u0026lt;bucket_name\\u0026gt;/[\\u0026lt;folder_name\\u0026gt;].\",\"defaultValue\":\"\",\"type\":\"STRING\",\"segregationCategory\":\"ADVANCE\",\"maxLength\":0,\"numRows\":0,\"mandatory\":false,\"basic\":false,\"disabled\":false,\"hidden\":false,\"hasDependentAttributes\":false,\"connectionParam\":true,\"encrypted\":false,\"isNative\":false,\"attrId\":0,\"deprecated\":false,\"vaultEnabled\":false,\"helpContextId\":\"EA_GBQV2_CONN-SERVICE_ACCOUNT-FALSE-STORAGEPATH\",\"dynamicRTConnAttrLink\":false},{\"name\":\"connectorType\",\"displayName\":\"Connection Mode\",\"tooltip\":\"Select the connection mode to read data from or write data to Google BigQuery. \",\"defaultValue\":\"Simple\",\"type\":\"LIST\",\"segregationCategory\":\"ADVANCE\",\"maxLength\":0,\"numRows\":0,\"mandatory\":false,\"basic\":false,\"disabled\":false,\"hidden\":false,\"hasDependentAttributes\":false,\"connectionParam\":true,\"options\":[{\"name\":\"Simple\",\"displayName\":\"Simple\"},{\"name\":\"Hybrid\",\"displayName\":\"Hybrid\"},{\"name\":\"Complex\",\"displayName\":\"Complex\"}],\"encrypted\":false,\"isNative\":false,\"attrId\":0,\"deprecated\":false,\"vaultEnabled\":false,\"helpContextId\":\"EA_GBQV2_CONN-SERVICE_ACCOUNT-FALSE-CONNECTORTYPE\",\"dynamicRTConnAttrLink\":false},{\"name\":\"useLegacySQLForCustomQuery\",\"displayName\":\"Use Legacy SQL for Custom Query\",\"tooltip\":\"Use legacy SQL to define a custom query. If you unselect this option, use Standard SQL to define a custom query.\",\"defaultValue\":\"false\",\"type\":\"BOOLEAN\",\"segregationCategory\":\"ADVANCE\",\"maxLength\":0,\"numRows\":0,\"mandatory\":false,\"basic\":false,\"disabled\":false,\"hidden\":false,\"hasDependentAttributes\":false,\"connectionParam\":true,\"encrypted\":false,\"isNative\":false,\"attrId\":0,\"deprecated\":false,\"vaultEnabled\":false,\"helpContextId\":\"EA_GBQV2_CONN-SERVICE_ACCOUNT-FALSE-USELEGACYSQLFORCUSTOMQUERY\",\"dynamicRTConnAttrLink\":false},{\"name\":\"schemaLocation\",\"displayName\":\"Schema Definition File Path\",\"tooltip\":\"Directory where the Secure Agent stores the schema definition JSON file.\",\"defaultValue\":\"\",\"type\":\"STRING\",\"segregationCategory\":\"ADVANCE\",\"maxLength\":0,\"numRows\":0,\"mandatory\":false,\"basic\":false,\"disabled\":false,\"hidden\":false,\"hasDependentAttributes\":false,\"connectionParam\":true,\"encrypted\":false,\"isNative\":false,\"attrId\":0,\"deprecated\":false,\"vaultEnabled\":false,\"helpContextId\":\"EA_GBQV2_CONN-SERVICE_ACCOUNT-FALSE-SCHEMALOCATION\",\"dynamicRTConnAttrLink\":false},{\"name\":\"datasetNameValue\",\"displayName\":\"Staging Dataset\",\"tooltip\":\"The Google BigQuery dataset name where you want to create the staging table to stage the data. You can define a Google BigQuery dataset that is different from the source or target dataset.\",\"defaultValue\":\"\",\"type\":\"STRING\",\"segregationCategory\":\"ADVANCE\",\"maxLength\":0,\"numRows\":0,\"mandatory\":false,\"basic\":false,\"disabled\":false,\"hidden\":false,\"hasDependentAttributes\":false,\"connectionParam\":true,\"encrypted\":false,\"isNative\":false,\"attrId\":0,\"deprecated\":false,\"vaultEnabled\":false,\"helpContextId\":\"EA_GBQV2_CONN-SERVICE_ACCOUNT-FALSE-DATASETNAMEVALUE\",\"dynamicRTConnAttrLink\":false}],\"enableDocHelp\":false,\"collapse\":false},\"combination\":{\"authentication\":\"Service Account\"}}],\"encrypted\":false,\"isNative\":false,\"attrId\":0,\"deprecated\":false,\"vaultEnabled\":false,\"helpContextId\":\"EA_GBQV2_CONN-SERVICE_ACCOUNT-ENABLESTORAGEAPI\",\"dynamicRTConnAttrLink\":false},{\"name\":\"storagePath\",\"displayName\":\"Storage Path\",\"tooltip\":\"Path in Google Cloud Storage where the Secure Agent creates a local stage file to store the data temporarily. Use the format gs://\\u0026lt;bucket_name\\u0026gt;/[\\u0026lt;folder_name\\u0026gt;].\",\"defaultValue\":\"\",\"type\":\"STRING\",\"segregationCategory\":\"ADVANCE\",\"maxLength\":0,\"numRows\":0,\"mandatory\":false,\"basic\":false,\"disabled\":true,\"hidden\":true,\"hasDependentAttributes\":false,\"connectionParam\":false,\"encrypted\":false,\"isNative\":false,\"attrId\":0,\"deprecated\":false,\"vaultEnabled\":false,\"helpContextId\":\"EA_GBQV2_CONN-SERVICE_ACCOUNT-TRUE-STORAGEPATH\",\"dynamicRTConnAttrLink\":false},{\"name\":\"connectorType\",\"displayName\":\"Connection Mode\",\"tooltip\":\"Select the connection mode to read data from or write data to Google BigQuery. \",\"defaultValue\":\"Simple\",\"type\":\"LIST\",\"segregationCategory\":\"ADVANCE\",\"maxLength\":0,\"numRows\":0,\"mandatory\":false,\"basic\":false,\"disabled\":true,\"hidden\":true,\"hasDependentAttributes\":false,\"connectionParam\":false,\"options\":[{\"name\":\"Simple\",\"displayName\":\"Simple\"},{\"name\":\"Hybrid\",\"displayName\":\"Hybrid\"},{\"name\":\"Complex\",\"displayName\":\"Complex\"}],\"encrypted\":false,\"isNative\":false,\"attrId\":0,\"deprecated\":false,\"vaultEnabled\":false,\"helpContextId\":\"EA_GBQV2_CONN-SERVICE_ACCOUNT-TRUE-CONNECTORTYPE\",\"dynamicRTConnAttrLink\":false},{\"name\":\"useLegacySQLForCustomQuery\",\"displayName\":\"Use Legacy SQL for Custom Query\",\"tooltip\":\"Use legacy SQL to define a custom query. If you unselect this option, use Standard SQL to define a custom query.\",\"defaultValue\":\"false\",\"type\":\"BOOLEAN\",\"segregationCategory\":\"ADVANCE\",\"maxLength\":0,\"numRows\":0,\"mandatory\":false,\"basic\":false,\"disabled\":true,\"hidden\":true,\"hasDependentAttributes\":false,\"connectionParam\":false,\"encrypted\":false,\"isNative\":false,\"attrId\":0,\"deprecated\":false,\"vaultEnabled\":false,\"helpContextId\":\"EA_GBQV2_CONN-SERVICE_ACCOUNT-TRUE-USELEGACYSQLFORCUSTOMQUERY\",\"dynamicRTConnAttrLink\":false},{\"name\":\"datasetNameForCustomQuery\",\"displayName\":\"Dataset Name for Custom Query\",\"tooltip\":\"Specify a dataset name to read data from a different dataset when you define a custom query.\",\"defaultValue\":\"\",\"type\":\"STRING\",\"segregationCategory\":\"ADVANCE\",\"maxLength\":0,\"numRows\":0,\"mandatory\":false,\"basic\":false,\"disabled\":false,\"hidden\":false,\"hasDependentAttributes\":false,\"connectionParam\":false,\"encrypted\":false,\"isNative\":false,\"attrId\":0,\"deprecated\":false,\"vaultEnabled\":false,\"helpContextId\":\"EA_GBQV2_CONN-DATASETNAMEFORCUSTOMQUERY\",\"dynamicRTConnAttrLink\":false},{\"name\":\"schemaLocation\",\"displayName\":\"Schema Definition File Path\",\"tooltip\":\"Directory where the Secure Agent stores the schema definition JSON file.\",\"defaultValue\":\"\",\"type\":\"STRING\",\"segregationCategory\":\"ADVANCE\",\"maxLength\":0,\"numRows\":0,\"mandatory\":false,\"basic\":false,\"disabled\":true,\"hidden\":true,\"hasDependentAttributes\":false,\"connectionParam\":false,\"encrypted\":false,\"isNative\":false,\"attrId\":0,\"deprecated\":false,\"vaultEnabled\":false,\"helpContextId\":\"EA_GBQV2_CONN-SERVICE_ACCOUNT-TRUE-SCHEMALOCATION\",\"dynamicRTConnAttrLink\":false},{\"name\":\"regionId\",\"displayName\":\"Region ID\",\"tooltip\":\"The region where the Google BigQuery dataset that you want to access resides.\",\"defaultValue\":\"\",\"type\":\"STRING\",\"segregationCategory\":\"ADVANCE\",\"maxLength\":0,\"numRows\":0,\"mandatory\":false,\"basic\":false,\"disabled\":false,\"hidden\":false,\"hasDependentAttributes\":false,\"connectionParam\":false,\"encrypted\":false,\"isNative\":false,\"attrId\":0,\"deprecated\":false,\"vaultEnabled\":false,\"helpContextId\":\"EA_GBQV2_CONN-REGIONID\",\"dynamicRTConnAttrLink\":false},{\"name\":\"datasetNameValue\",\"displayName\":\"Staging Dataset\",\"tooltip\":\"The Google BigQuery dataset name where you want to create the staging table to stage the data. You can define a Google BigQuery dataset that is different from the source or target dataset.\",\"defaultValue\":\"\",\"type\":\"STRING\",\"segregationCategory\":\"ADVANCE\",\"maxLength\":0,\"numRows\":0,\"mandatory\":false,\"basic\":false,\"disabled\":true,\"hidden\":true,\"hasDependentAttributes\":false,\"connectionParam\":false,\"encrypted\":false,\"isNative\":false,\"attrId\":0,\"deprecated\":false,\"vaultEnabled\":false,\"helpContextId\":\"EA_GBQV2_CONN-SERVICE_ACCOUNT-TRUE-DATASETNAMEVALUE\",\"dynamicRTConnAttrLink\":false},{\"name\":\"optionalProperties\",\"displayName\":\"Optional Properties\",\"tooltip\":\"Select \\\"Required\\\" if optional properties are needed.\",\"defaultValue\":\"None\",\"type\":\"LIST\",\"segregationCategory\":\"ADVANCE\",\"maxLength\":0,\"numRows\":0,\"mandatory\":false,\"basic\":false,\"disabled\":false,\"hidden\":true,\"hasDependentAttributes\":true,\"connectionParam\":false,\"options\":[{\"name\":\"None\",\"displayName\":\"None\"},{\"name\":\"Required\",\"displayName\":\"Required\"}],\"subgroups\":[{\"name\":\"Required\",\"group\":{\"groups\":[],\"attributes\":[{\"name\":\"provideOptionalProperties\",\"displayName\":\"Provide Optional Properties\",\"tooltip\":\"Specify optional properties in correct format.\",\"defaultValue\":\"\",\"type\":\"STRING\",\"segregationCategory\":\"ADVANCE\",\"maxLength\":0,\"numRows\":0,\"mandatory\":false,\"basic\":false,\"disabled\":false,\"hidden\":false,\"hasDependentAttributes\":false,\"connectionParam\":true,\"encrypted\":false,\"isNative\":false,\"attrId\":0,\"deprecated\":false,\"vaultEnabled\":false,\"helpContextId\":\"EA_GBQV2_CONN-REQUIRED-PROVIDEOPTIONALPROPERTIES\",\"dynamicRTConnAttrLink\":false}],\"enableDocHelp\":false,\"collapse\":false}}],\"encrypted\":false,\"isNative\":false,\"attrId\":0,\"deprecated\":false,\"vaultEnabled\":false,\"helpContextId\":\"EA_GBQV2_CONN-OPTIONALPROPERTIES\",\"dynamicRTConnAttrLink\":false},{\"name\":\"provideOptionalProperties\",\"displayName\":\"Provide Optional Properties\",\"tooltip\":\"Specify optional properties in correct format.\",\"defaultValue\":\"\",\"type\":\"STRING\",\"segregationCategory\":\"ADVANCE\",\"maxLength\":0,\"numRows\":0,\"mandatory\":false,\"basic\":false,\"disabled\":false,\"hidden\":false,\"hasDependentAttributes\":false,\"connectionParam\":false,\"encrypted\":false,\"isNative\":false,\"attrId\":0,\"deprecated\":false,\"vaultEnabled\":false,\"helpContextId\":\"EA_GBQV2_CONN-PROVIDEOPTIONALPROPERTIES\",\"dynamicRTConnAttrLink\":false}],\"type\":\"GROUP\",\"title\":\"Connection Section\",\"enableDocHelp\":false,\"collapse\":false},{\"groups\":[],\"attributes\":[{\"name\":\"enableRetry\",\"displayName\":\"Enable Retry\",\"tooltip\":\"Select this option to retry the connection in the event of a failure.\",\"defaultValue\":\"false\",\"type\":\"BOOLEAN\",\"segregationCategory\":\"ADVANCE\",\"maxLength\":0,\"numRows\":0,\"mandatory\":false,\"basic\":false,\"disabled\":false,\"hidden\":false,\"hasDependentAttributes\":true,\"connectionParam\":false,\"subgroups\":[{\"name\":\"true\",\"group\":{\"groups\":[],\"attributes\":[{\"name\":\"maxRetryAttempts\",\"displayName\":\"Maximum Retry Attempts\",\"tooltip\":\"Maximum number of attempts to retry the connection.\",\"defaultValue\":\"6\",\"type\":\"INTEGER\",\"segregationCategory\":\"ADVANCE\",\"maxLength\":0,\"numRows\":0,\"mandatory\":false,\"basic\":false,\"disabled\":false,\"hidden\":false,\"hasDependentAttributes\":false,\"connectionParam\":true,\"encrypted\":false,\"isNative\":false,\"attrId\":0,\"deprecated\":false,\"vaultEnabled\":false,\"helpContextId\":\"EA_GBQV2_CONN-TRUE-MAXRETRYATTEMPTS\",\"dynamicRTConnAttrLink\":false},{\"name\":\"initialRetryDelay\",\"displayName\":\"Initial Retry Delay\",\"tooltip\":\"The initial wait time in seconds before the Agent attempts to retry the connection.\",\"defaultValue\":\"1\",\"type\":\"INTEGER\",\"segregationCategory\":\"ADVANCE\",\"maxLength\":0,\"numRows\":0,\"mandatory\":false,\"basic\":false,\"disabled\":false,\"hidden\":false,\"hasDependentAttributes\":false,\"connectionParam\":true,\"encrypted\":false,\"isNative\":false,\"attrId\":0,\"deprecated\":false,\"vaultEnabled\":false,\"helpContextId\":\"EA_GBQV2_CONN-TRUE-INITIALRETRYDELAY\",\"dynamicRTConnAttrLink\":false},{\"name\":\"retryDelayMultiplier\",\"displayName\":\"Retry Delay Multiplier\",\"tooltip\":\"The multiplier used to exponentially increase the wait time between retry attempts up to the maximum retry delay time.\",\"defaultValue\":\"2.0\",\"type\":\"STRING\",\"segregationCategory\":\"ADVANCE\",\"maxLength\":0,\"numRows\":0,\"mandatory\":false,\"basic\":false,\"disabled\":false,\"hidden\":false,\"hasDependentAttributes\":false,\"connectionParam\":true,\"encrypted\":false,\"isNative\":false,\"attrId\":0,\"deprecated\":false,\"vaultEnabled\":false,\"helpContextId\":\"EA_GBQV2_CONN-TRUE-RETRYDELAYMULTIPLIER\",\"dynamicRTConnAttrLink\":false},{\"name\":\"maxRetryDelay\",\"displayName\":\"Maximum Retry Delay\",\"tooltip\":\"The maximum wait time in seconds between retry attempts.\",\"defaultValue\":\"32\",\"type\":\"INTEGER\",\"segregationCategory\":\"ADVANCE\",\"maxLength\":0,\"numRows\":0,\"mandatory\":false,\"basic\":false,\"disabled\":false,\"hidden\":false,\"hasDependentAttributes\":false,\"connectionParam\":true,\"encrypted\":false,\"isNative\":false,\"attrId\":0,\"deprecated\":false,\"vaultEnabled\":false,\"helpContextId\":\"EA_GBQV2_CONN-TRUE-MAXRETRYDELAY\",\"dynamicRTConnAttrLink\":false},{\"name\":\"totalTimeout\",\"displayName\":\"Total Timeout\",\"tooltip\":\"The total time duration in seconds upto which the Agent attempts to retry the connection. The connection ends after the total timeout is over.\",\"defaultValue\":\"50\",\"type\":\"INTEGER\",\"segregationCategory\":\"ADVANCE\",\"maxLength\":0,\"numRows\":0,\"mandatory\":false,\"basic\":false,\"disabled\":false,\"hidden\":false,\"hasDependentAttributes\":false,\"connectionParam\":true,\"encrypted\":false,\"isNative\":false,\"attrId\":0,\"deprecated\":false,\"vaultEnabled\":false,\"helpContextId\":\"EA_GBQV2_CONN-TRUE-TOTALTIMEOUT\",\"dynamicRTConnAttrLink\":false}],\"enableDocHelp\":false,\"collapse\":false}}],\"encrypted\":false,\"isNative\":false,\"attrId\":0,\"deprecated\":false,\"vaultEnabled\":false,\"helpContextId\":\"EA_GBQV2_CONN-ENABLERETRY\",\"dynamicRTConnAttrLink\":false},{\"name\":\"maxRetryAttempts\",\"displayName\":\"Maximum Retry Attempts\",\"tooltip\":\"Maximum number of attempts to retry the connection.\",\"defaultValue\":\"6\",\"type\":\"INTEGER\",\"segregationCategory\":\"ADVANCE\",\"maxLength\":0,\"numRows\":0,\"mandatory\":false,\"basic\":false,\"disabled\":true,\"hidden\":true,\"hasDependentAttributes\":false,\"connectionParam\":false,\"encrypted\":false,\"isNative\":false,\"attrId\":0,\"deprecated\":false,\"vaultEnabled\":false,\"helpContextId\":\"EA_GBQV2_CONN-MAXRETRYATTEMPTS\",\"dynamicRTConnAttrLink\":false},{\"name\":\"initialRetryDelay\",\"displayName\":\"Initial Retry Delay\",\"tooltip\":\"The initial wait time in seconds before the Agent attempts to retry the connection.\",\"defaultValue\":\"1\",\"type\":\"INTEGER\",\"segregationCategory\":\"ADVANCE\",\"maxLength\":0,\"numRows\":0,\"mandatory\":false,\"basic\":false,\"disabled\":true,\"hidden\":true,\"hasDependentAttributes\":false,\"connectionParam\":false,\"encrypted\":false,\"isNative\":false,\"attrId\":0,\"deprecated\":false,\"vaultEnabled\":false,\"helpContextId\":\"EA_GBQV2_CONN-INITIALRETRYDELAY\",\"dynamicRTConnAttrLink\":false},{\"name\":\"retryDelayMultiplier\",\"displayName\":\"Retry Delay Multiplier\",\"tooltip\":\"The multiplier used to exponentially increase the wait time between retry attempts up to the maximum retry delay time.\",\"defaultValue\":\"2.0\",\"type\":\"STRING\",\"segregationCategory\":\"ADVANCE\",\"maxLength\":0,\"numRows\":0,\"mandatory\":false,\"basic\":false,\"disabled\":true,\"hidden\":true,\"hasDependentAttributes\":false,\"connectionParam\":false,\"encrypted\":false,\"isNative\":false,\"attrId\":0,\"deprecated\":false,\"vaultEnabled\":false,\"helpContextId\":\"EA_GBQV2_CONN-RETRYDELAYMULTIPLIER\",\"dynamicRTConnAttrLink\":false},{\"name\":\"maxRetryDelay\",\"displayName\":\"Maximum Retry Delay\",\"tooltip\":\"The maximum wait time in seconds between retry attempts.\",\"defaultValue\":\"32\",\"type\":\"INTEGER\",\"segregationCategory\":\"ADVANCE\",\"maxLength\":0,\"numRows\":0,\"mandatory\":false,\"basic\":false,\"disabled\":true,\"hidden\":true,\"hasDependentAttributes\":false,\"connectionParam\":false,\"encrypted\":false,\"isNative\":false,\"attrId\":0,\"deprecated\":false,\"vaultEnabled\":false,\"helpContextId\":\"EA_GBQV2_CONN-MAXRETRYDELAY\",\"dynamicRTConnAttrLink\":false},{\"name\":\"totalTimeout\",\"displayName\":\"Total Timeout\",\"tooltip\":\"The total time duration in seconds upto which the Agent attempts to retry the connection. The connection ends after the total timeout is over.\",\"defaultValue\":\"50\",\"type\":\"INTEGER\",\"segregationCategory\":\"ADVANCE\",\"maxLength\":0,\"numRows\":0,\"mandatory\":false,\"basic\":false,\"disabled\":true,\"hidden\":true,\"hasDependentAttributes\":false,\"connectionParam\":false,\"encrypted\":false,\"isNative\":false,\"attrId\":0,\"deprecated\":false,\"vaultEnabled\":false,\"helpContextId\":\"EA_GBQV2_CONN-TOTALTIMEOUT\",\"dynamicRTConnAttrLink\":false}],\"type\":\"GROUP\",\"title\":\"Retry Strategy Section\",\"enableDocHelp\":false,\"collapse\":false}],\"attributes\":[],\"type\":\"PAGE\",\"title\":\"Connection Page\",\"enableDocHelp\":false,\"collapse\":false}],\"attributes\":[],\"showVaultToggle\":false,\"connectionCapabilities\":\"{\\\"OBJECT_SEARCH\\\":true,\\\"SUPPORTS_UPDATE_STRATEGY\\\":true,\\\"ORDER_READ_DATA\\\":true,\\\"SUPPORTS_METADATA_EDIT\\\":true,\\\"SUPPORTS_INFER_FROM_TARGET\\\":true,\\\"SUPPORTS_SIMPLE_FILTER\\\":true,\\\"SUPPORTS_FIELD_EXTENSIONS\\\":true,\\\"SUPPORT_UNCACHED_LOOKUP\\\":true,\\\"SUPPORTS_TGT_OBJECT_ATTRIBUTES\\\":true,\\\"SUPPORTS_CCI_ROWNO_AFFECTED_PORT\\\":true,\\\"SUPPORTS_ADDITIONAL_SIMPLE_FILTERS\\\":true,\\\"DEFAULT_VALUE_COLUMN_NAME\\\":true,\\\"MULTI_OBJECT_READ\\\":true,\\\"SUPPORT_NEW_TARGET_FIELD_EDIT\\\":true,\\\"SUPPORTS_ADVANCED_FILTER\\\":true,\\\"SUPPORTS_TARGET\\\":true,\\\"HIERARCHY_SEARCH\\\":true,\\\"SUPPORTS_KEYS\\\":true,\\\"SUPPORTS_OBJECT_ATTRIBUTES\\\":true,\\\"MULTI_OBJECT_READ_ADVANCED\\\":true,\\\"SUPPORTS_CREATE_RECORD\\\":true,\\\"NATIVE_HTYPE\\\":true,\\\"SUPPORTS_SOURCE\\\":true,\\\"SUPPORTS_MULTIPLE_MATCH_POLICY_FIRST_ROW\\\":true,\\\"SUPPORTS_DEPLOYMENTS_OVERRIDE\\\":true,\\\"FETCH_CUSTOM_SOURCE_FIELDS\\\":true,\\\"SUPPORTS_CCI_ENTERED_QUERY\\\":true,\\\"SUPPORTS_ALL_OPERATORS_IN_UNCACHED_LOOKUP\\\":true,\\\"SUPPORT_MULTILEVEL_CONN_ATTR_DEPENDENCY\\\":true,\\\"SUPPORTS_OPERATION_TYPE\\\":true,\\\"SUPPORTS_MULTIPLE_MATCH_POLICY_LAST_ROW\\\":true,\\\"SUPPORTS_CONNECTION_SEGREGATION\\\":true,\\\"SUPPORT_ATTRIBUTE_CATEGORIZATION\\\":true,\\\"SUPPORTS_DISABLE_OBJECT_EDIT\\\":true,\\\"CUSTOM_SOURCE_SUPPORT\\\":true,\\\"DISABLE_MULTI_OBJECT_WRITE\\\":true,\\\"SUPPORTS_CCI_STORED_PROC\\\":true}\",\"docContextId\":\"EA_GBQV2_CONN\"}","orgId":"01D4X1","enableStorageAPI":"true","refreshTokenExpireIn":"","authentication":"Service Account","useLegacySQLForCustomQuery":"false","connectorType":"Hybrid","oAuthRefreshText":"","clientEmail":"129325489102-compute@developer.gserviceaccount.com","schemaLocation":"","accessTokenExpireIn":"","storagePath":"","maxRetryAttempts":"","retryDelayMultiplier":"","privateKey":"********","oAuthRefreshUrl":"","regionId":"us-central1","maxRetryDelay":"","generatedAt":"","optionalProperties":"None","totalTimeout":"","clientAuthentication":"Basic Auth Header","tokenType":"","projectId":"leafy-metrics-448709-f8","enableRetry":"false"},"internal":false,"federatedId":"2Y1uWjzSks9k4LBBMssRo9","retryNetworkError":false,"supportsCCIMultiGroup":false,"metadataBrowsable":true,"supportLabels":true,"vaultEnabled":false,"vaultEnabledParams":[],"connectorGuid":"com.infa.adapter.bigqueryv2"}]