[{"@type":"mappingTemplate","id":"@1","name":"m_cust_bronze_silver","description":"","autoExpireObject":false,"bundleVersion":"0","assetFrsGuid":"2RQgwwHLbnNj5hwUxLgE02","templateId":"@3","deployTime":1741419313000,"hasParameters":false,"valid":true,"fixedConnection":true,"hasParametersDeployed":false,"fixedConnectionDeployed":true,"isSchemaValidationEnabled":false,"tasks":1,"mappingPreviewFileRecordId":"@2","documentType":"MAPPING","references":[{"@type":"reference","refObjectId":"@2Y1uWjzSks9k4LBBMssRo9","refType":"connection"},{"@type":"reference","refObjectId":"@2TrBU75RGXNjvGkKEhJYO6","refType":"frsDocument"}]}]