[{"@type":"mappingTemplate","id":"@1","name":"m_cars_raw_bronze","description":"","autoExpireObject":false,"bundleVersion":"0","assetFrsGuid":"jx3iC2CFmi5cDhd7IojzW7","templateId":"@3","deployTime":1741159147000,"hasParameters":false,"valid":true,"fixedConnection":true,"hasParametersDeployed":false,"fixedConnectionDeployed":true,"isSchemaValidationEnabled":false,"tasks":1,"mappingPreviewFileRecordId":"@2","documentType":"MAPPING","references":[{"@type":"reference","refObjectId":"@aRwwe4SK0WviqxnwPJzDQv","refType":"connection"},{"@type":"reference","refObjectId":"@2Y1uWjzSks9k4LBBMssRo9","refType":"connection"}]}]