[{"@type":"mtTask","id":"@1","name":"mct_cust_raw_bronze","autoExpireObject":false,"runtimeEnvironmentId":"@6foaYNZJEYGbfh8vym9Zoh","maxLogs":10,"verbose":false,"lastRunTime":1741420796000,"mappingId":"@7FAPL10xc49iyqvH67dDIy","frsGuid":"5i7Lrp3Uq0CgEKPwDKwRo3","sessionPropertiesList":[],"hidden":false,"enableCrossSchemaPushdown":false,"enableParallelRun":false,"autoTunedApplied":false,"autoTunedAppliedType":"NONE","schemaMode":"async","valid":true,"schemaValidationErrorCount":-1,"serverlessProperties":{},"taskProperties":[{"@type":"taskProperty","name":"parameterFileDir","currentValue":"","type":"STRING","label":"label.parameterFileDir","required":false},{"@type":"taskProperty","name":"parameterFileName","currentValue":"","type":"STRING","label":"label.parameterFileName","required":false},{"@type":"taskProperty","name":"outboundMessageUrlQueueTime","currentValue":"","type":"NUMBER","label":"label.outboundMessageUrlQueueTime","required":false},{"@type":"taskProperty","name":"outboundMessageUrlToken","currentValue":"","type":"STRING","label":"label.outboundMessageUrlToken","required":false}],"optimizationPlan":"NONE","isMidstreamPreview":false,"parameters":[{"@type":"mtTaskParameter","id":97700968,"name":"$Source$","type":"EXTENDED_SOURCE","label":"Source","uiProperties":{"connectionParameterized":"false","isSelectDistinct":"false","isMsrcFilterParameterized":"false","isMsrcSortParameterized":"false","objectParameterized":"false","visible":"false","originalPath":"Source"},"sourceConnectionId":"@aRwwe4SK0WviqxnwPJzDQv","newFlatFile":false,"newObject":false,"showBusinessNames":false,"naturalOrder":true,"truncateTarget":false,"bulkApiDBTarget":false,"customFuncCfg":{"@type":"customFuncConfig","id":-1,"connections":[],"inputMap":[],"outputFields":[]},"targetRefsV2":{},"targetUpdateColumns":[],"extendedObject":{"@type":"extendedObject","object":{"@type":"mObject","name":"cg-bucket-bronze/Cust_raw__Bronze_csv","label":"cg-bucket-bronze/Cust_raw__Bronze_csv","metadataUpdated":false,"relations":[],"children":[]},"singleMode":true,"objects":[{"@type":"mObject","name":"cg-bucket-bronze/Cust_raw__Bronze_csv","label":"cg-bucket-bronze/Cust_raw__Bronze_csv","metadataUpdated":false,"relations":[],"children":[]}],"filters":[],"sortFields":[]},"runtimeAttrs":{},"isRESTModernSource":true,"isFileList":false,"handleSpecialChars":false,"handleDecimalRoundOff":false,"frsAsset":false,"dynamicFileName":false,"excludeDynamicFileNameField":false,"currentlyProcessedFileName":false,"retainFieldMetadata":false,"useExactSrcNames":false,"userUpdated":true,"fetchMode":"ORIGINAL","tgtObjectAttributes":{},"dataFormat":{"@type":"dataFormat","formatId":"Flat","schema":"","dataFormatAttributes":{"escapeChar":"\\","rowDelimiter":"","importColumnFromFirstLine":"true","headerLineNumber":"1","maxRowsToPreview":"0","distributionColumn":"","qualifierMode":"MINIMAL","firstDataRow":"2","generateHeader":"true","delimiter":",","qualifier":"\"","targetHeader":"With Header","disableEscapeChar":"true","codePage":"UTF-8","fixedWidthMode":"false"}},"runtimeParameterData":{"@type":"mtTaskRuntimeParameterData","isConnectionRuntimeParameter":false,"isObjectRuntimeParameter":false},"overridableProperties":[],"overriddenFields":[]},{"@type":"mtTaskParameter","id":97700969,"name":"$Target$","type":"TARGET","label":"Target","uiProperties":{"connectionParameterized":"false","objectParameterized":"false","visible":"false","defaultTargetUpdateColumns":"","supportApplyDDLChanges":"false","originalPath":"Target"},"targetConnectionId":"@2Y1uWjzSks9k4LBBMssRo9","targetObject":"Bronze/Customers_Raw","targetObjectLabel":"Bronze/Customers_Raw","newFlatFile":false,"newObject":false,"showBusinessNames":false,"naturalOrder":true,"truncateTarget":false,"bulkApiDBTarget":false,"operationType":"Insert","customFuncCfg":{"@type":"customFuncConfig","id":-1,"connections":[],"inputMap":[],"outputFields":[]},"targetRefsV2":{},"targetUpdateColumns":[],"extendedObject":{"@type":"extendedObject","singleMode":true,"filters":[],"sortFields":[]},"runtimeAttrs":{},"isRESTModernSource":true,"isFileList":false,"handleSpecialChars":false,"handleDecimalRoundOff":false,"frsAsset":false,"dynamicFileName":false,"excludeDynamicFileNameField":false,"currentlyProcessedFileName":false,"retainFieldMetadata":false,"objectName":"Bronze/Customers_Raw","objectLabel":"Bronze/Customers_Raw","useExactSrcNames":false,"userUpdated":true,"fetchMode":"ORIGINAL","tgtObjectAttributes":{},"runtimeParameterData":{"@type":"mtTaskRuntimeParameterData","isConnectionRuntimeParameter":false,"isObjectRuntimeParameter":false},"overridableProperties":[],"targetSchemaProviderType":"SELECTED_OBJECT","overriddenFields":[]}],"sequences":[],"inOutParameters":[],"connRuntimeAttrs":[]}]