[{"@type":"mappingTemplate","id":"@1","name":"m_payment_bronze_silver","description":"","autoExpireObject":false,"bundleVersion":"0","assetFrsGuid":"aRkqICQkz1KeGhhUG97mQI","templateId":"@3","deployTime":1741176538000,"hasParameters":false,"valid":true,"fixedConnection":true,"hasParametersDeployed":false,"fixedConnectionDeployed":true,"isSchemaValidationEnabled":false,"tasks":2,"mappingPreviewFileRecordId":"@2","documentType":"MAPPING","references":[{"@type":"reference","refObjectId":"@2Y1uWjzSks9k4LBBMssRo9","refType":"connection"},{"@type":"reference","refObjectId":"@6EYvUFy5NKFk0DTIDKYz66","refType":"frsDocument"}]}]