[{"@type":"connection","id":"@1","name":"ff_gcs","runtimeEnvironmentId":"@6foaYNZJEYGbfh8vym9Zoh","instanceName":"Google Cloud Storage V2","instanceDisplayName":"Google Cloud Storage V2","type":"TOOLKIT_CCI","baseType":"TOOLKIT","subType":"TOOLKIT_CCI","port":0,"majorUpdateTime":"2025-01-24T04:24:20.000Z","timeout":60,"connParams":{"isEncryptedFile":"false","bucketName":"cg-bucket-bronze","agentId":"01D4X108000000000004","clientId":"114747431494284383450","clientEmail":"129325489102-compute@developer.gserviceaccount.com","agentGroupId":"01D4X125000000000006","CCM_CONN_PRESENTATION":"{\"type\":\"TOOLKIT_CCI\",\"instanceName\":\"Google Cloud Storage V2\",\"groups\":[{\"groups\":[{\"groups\":[],\"attributes\":[{\"name\":\"agentGroupId\",\"displayName\":\"conn_agent_group\",\"tooltip\":\"conn_agent_group_help\",\"type\":\"AGENTGROUP\",\"segregationCategory\":\"BASIC\",\"maxLength\":0,\"numRows\":0,\"mandatory\":true,\"basic\":false,\"disabled\":false,\"hidden\":false,\"hasDependentAttributes\":false,\"connectionParam\":false,\"encrypted\":false,\"isNative\":false,\"attrId\":0,\"deprecated\":false,\"vaultEnabled\":false,\"dynamicRTConnAttrLink\":false}],\"title\":\"Google Cloud Storage V2 Properties\",\"enableDocHelp\":true,\"docHelpContextId\":\"EA_GOOGLECLOUDSTORAGEV2_CONN\",\"collapse\":false},{\"groups\":[],\"attributes\":[{\"name\":\"clientEmail\",\"displayName\":\"Service Account ID\",\"tooltip\":\"The auto generated client email ID of the Google service account.\",\"defaultValue\":\"\",\"type\":\"STRING\",\"segregationCategory\":\"BASIC\",\"maxLength\":0,\"numRows\":0,\"mandatory\":true,\"basic\":false,\"disabled\":false,\"hidden\":false,\"hasDependentAttributes\":false,\"connectionParam\":false,\"encrypted\":false,\"isNative\":false,\"attrId\":0,\"deprecated\":false,\"vaultEnabled\":false,\"helpContextId\":\"EA_GOOGLECLOUDSTORAGEV2_CONN-CLIENTEMAIL\",\"dynamicRTConnAttrLink\":false},{\"name\":\"privateKey\",\"displayName\":\"Service Account Key\",\"tooltip\":\"The private key of the Google service account.\",\"defaultValue\":\"\",\"type\":\"PASSWORD\",\"segregationCategory\":\"BASIC\",\"maxLength\":0,\"numRows\":0,\"mandatory\":true,\"basic\":false,\"disabled\":false,\"hidden\":false,\"hasDependentAttributes\":false,\"connectionParam\":false,\"encrypted\":true,\"isNative\":false,\"attrId\":0,\"deprecated\":false,\"vaultEnabled\":false,\"helpContextId\":\"EA_GOOGLECLOUDSTORAGEV2_CONN-PRIVATEKEY\",\"dynamicRTConnAttrLink\":false},{\"name\":\"projectId\",\"displayName\":\"Project ID\",\"tooltip\":\"The ID of the project that contains the dataset to which you want to connect.\",\"defaultValue\":\"\",\"type\":\"STRING\",\"segregationCategory\":\"BASIC\",\"maxLength\":0,\"numRows\":0,\"mandatory\":true,\"basic\":false,\"disabled\":false,\"hidden\":false,\"hasDependentAttributes\":false,\"connectionParam\":false,\"encrypted\":false,\"isNative\":false,\"attrId\":0,\"deprecated\":false,\"vaultEnabled\":false,\"helpContextId\":\"EA_GOOGLECLOUDSTORAGEV2_CONN-PROJECTID\",\"dynamicRTConnAttrLink\":false},{\"name\":\"privateKeyId\",\"displayName\":\"Private Key ID\",\"tooltip\":\"For database and streaming ingestion, the private_key _id in the JSON file for service account key.\",\"defaultValue\":\"\",\"type\":\"STRING\",\"segregationCategory\":\"BASIC\",\"maxLength\":0,\"numRows\":0,\"mandatory\":false,\"basic\":false,\"disabled\":false,\"hidden\":false,\"hasDependentAttributes\":false,\"connectionParam\":false,\"encrypted\":false,\"isNative\":false,\"attrId\":0,\"deprecated\":false,\"vaultEnabled\":false,\"helpContextId\":\"EA_GOOGLECLOUDSTORAGEV2_CONN-PRIVATEKEYID\",\"dynamicRTConnAttrLink\":false},{\"name\":\"clientId\",\"displayName\":\"Client ID\",\"tooltip\":\"For database and streaming ingestion, the client_id in the JSON file for service account key.\",\"defaultValue\":\"\",\"type\":\"STRING\",\"segregationCategory\":\"BASIC\",\"maxLength\":0,\"numRows\":0,\"mandatory\":false,\"basic\":false,\"disabled\":false,\"hidden\":false,\"hasDependentAttributes\":false,\"connectionParam\":false,\"encrypted\":false,\"isNative\":false,\"attrId\":0,\"deprecated\":false,\"vaultEnabled\":false,\"helpContextId\":\"EA_GOOGLECLOUDSTORAGEV2_CONN-CLIENTID\",\"dynamicRTConnAttrLink\":false},{\"name\":\"isEncryptedFile\",\"displayName\":\"Is Encrypted File\",\"tooltip\":\"For elastic mappings, verifies whether the Google Cloud Storage file is encrypted or not.\",\"defaultValue\":\"false\",\"type\":\"BOOLEAN\",\"segregationCategory\":\"BASIC\",\"maxLength\":0,\"numRows\":0,\"mandatory\":false,\"basic\":false,\"disabled\":false,\"hidden\":false,\"hasDependentAttributes\":false,\"connectionParam\":false,\"encrypted\":false,\"isNative\":false,\"attrId\":0,\"deprecated\":false,\"vaultEnabled\":false,\"helpContextId\":\"EA_GOOGLECLOUDSTORAGEV2_CONN-ISENCRYPTEDFILE\",\"dynamicRTConnAttrLink\":false},{\"name\":\"bucketName\",\"displayName\":\"Bucket Name\",\"tooltip\":\"Specify a bucket name to list files and folder available in the specific bucket. \",\"defaultValue\":\"\",\"type\":\"STRING\",\"segregationCategory\":\"BASIC\",\"maxLength\":0,\"numRows\":0,\"mandatory\":false,\"basic\":false,\"disabled\":false,\"hidden\":false,\"hasDependentAttributes\":false,\"connectionParam\":false,\"encrypted\":false,\"isNative\":false,\"attrId\":0,\"deprecated\":false,\"vaultEnabled\":false,\"helpContextId\":\"EA_GOOGLECLOUDSTORAGEV2_CONN-BUCKETNAME\",\"dynamicRTConnAttrLink\":false},{\"name\":\"optimizeMetadata\",\"displayName\":\"Optimize Object Metadata Import\",\"tooltip\":\"Select this option to optimize the import of metadata for the source or target object and to import only the folders and sub-folders based on the absolute path of the object.\",\"defaultValue\":\"false\",\"type\":\"BOOLEAN\",\"segregationCategory\":\"BASIC\",\"maxLength\":0,\"numRows\":0,\"mandatory\":false,\"basic\":false,\"disabled\":false,\"hidden\":false,\"hasDependentAttributes\":false,\"connectionParam\":false,\"encrypted\":false,\"isNative\":false,\"attrId\":0,\"deprecated\":false,\"vaultEnabled\":false,\"helpContextId\":\"EA_GOOGLECLOUDSTORAGEV2_CONN-OPTIMIZEMETADATA\",\"dynamicRTConnAttrLink\":false},{\"name\":\"productInfo\",\"displayName\":\"Product Info\",\"tooltip\":\"Product Info details\",\"defaultValue\":\"\",\"type\":\"STRING\",\"segregationCategory\":\"BASIC\",\"maxLength\":0,\"numRows\":0,\"mandatory\":false,\"basic\":false,\"disabled\":true,\"hidden\":true,\"hasDependentAttributes\":false,\"connectionParam\":false,\"encrypted\":false,\"isNative\":false,\"attrId\":0,\"deprecated\":false,\"tagList\":[\"productTag\"],\"vaultEnabled\":false,\"helpContextId\":\"EA_GOOGLECLOUDSTORAGEV2_CONN-PRODUCTINFO\",\"dynamicRTConnAttrLink\":false}],\"type\":\"GROUP\",\"title\":\"Connection Section\",\"enableDocHelp\":false,\"collapse\":false}],\"attributes\":[],\"type\":\"PAGE\",\"title\":\"Connection Page\",\"enableDocHelp\":false,\"collapse\":false}],\"attributes\":[],\"showVaultToggle\":false,\"connectionCapabilities\":\"{\\\"SUPPORTS_TARGET\\\":true,\\\"HIERARCHY_SEARCH\\\":true,\\\"OBJECT_SEARCH\\\":true,\\\"SUPPORTS_KEYS\\\":true,\\\"SUPPORTS_CREATE_RECORD\\\":true,\\\"SUPPORTS_FLAT_FILE_OPTIONS\\\":true,\\\"SUPPORTS_METADATA_EDIT\\\":true,\\\"SUPPORTS_SOURCE\\\":true,\\\"SUPPORTS_INFER_FROM_TARGET\\\":true,\\\"SUPPORTS_FIELD_EXTENSIONS\\\":true,\\\"SUPPORTS_RECORD_NATIVE_NAME\\\":true,\\\"SUPPORTS_DEPLOYMENTS_OVERRIDE\\\":true,\\\"SUPPORTS_TGT_OBJECT_ATTRIBUTES\\\":true,\\\"EXTENDED_FORMATTING_OPTIONS\\\":true,\\\"SUPPORTS_OPERATION_TYPE\\\":true,\\\"SUPPORT_ATTRIBUTE_CATEGORIZATION\\\":true,\\\"SUPPORTS_DISABLE_OBJECT_EDIT\\\":true,\\\"DISABLE_MULTI_OBJECT_WRITE\\\":true,\\\"SUPPORTS_PACKAGE_IMPORT\\\":true,\\\"SUPPORT_NEW_TARGET_FIELD_EDIT\\\":true}\",\"docContextId\":\"EA_GOOGLECLOUDSTORAGEV2_CONN\"}","orgId":"01D4X1","productInfo":"","privateKey":"********","projectId":"leafy-metrics-448709-f8","privateKeyId":"e71e2d036cbbc18ab64e376aa2ba84b8f34f858e","optimizeMetadata":"false"},"internal":false,"federatedId":"aRwwe4SK0WviqxnwPJzDQv","retryNetworkError":false,"supportsCCIMultiGroup":false,"metadataBrowsable":true,"supportLabels":true,"vaultEnabled":false,"vaultEnabledParams":[],"connectorGuid":"com.infa.adapter.googlestoragev2"}]