[{"@type":"mappingTemplate","id":"@1","name":"m_cars_bronze_silver","description":"","autoExpireObject":false,"bundleVersion":"0","assetFrsGuid":"b9EaOfqWZCpezBnHMTLSy8","templateId":"@3","deployTime":1741159256000,"hasParameters":false,"valid":true,"fixedConnection":true,"hasParametersDeployed":false,"fixedConnectionDeployed":true,"isSchemaValidationEnabled":false,"tasks":1,"mappingPreviewFileRecordId":"@2","documentType":"MAPPING","references":[{"@type":"reference","refObjectId":"@2Y1uWjzSks9k4LBBMssRo9","refType":"connection"}]}]