[{"@type":"mtTask","id":"@1","name":"mct_payment_bronze_silver","autoExpireObject":false,"runtimeEnvironmentId":"@6foaYNZJEYGbfh8vym9Zoh","maxLogs":10,"verbose":false,"mappingId":"@aRkqICQkz1KeGhhUG97mQI","frsGuid":"hqq4fc3iP83etpwTruRmyR","sessionPropertiesList":[{"name":"Pushdown Optimization","value":"None","recommended":false},{"name":"Pushdown Optimization Context","value":"None","recommended":false},{"name":"Pushdown Optimization Fallback Option","value":"Partial PDO","recommended":false}],"hidden":false,"enableCrossSchemaPushdown":true,"enableParallelRun":false,"autoTunedApplied":false,"autoTunedAppliedType":"NONE","paramFileType":"PARAM_FILE_LOCAL","schemaMode":"async","valid":true,"schemaValidationErrorCount":-1,"serverlessProperties":{},"taskProperties":[{"@type":"taskProperty","name":"parameterFileDir","currentValue":"","type":"STRING","label":"label.parameterFileDir","required":false},{"@type":"taskProperty","name":"parameterFileName","currentValue":"","type":"STRING","label":"label.parameterFileName","required":false},{"@type":"taskProperty","name":"outboundMessageUrlQueueTime","currentValue":"","type":"NUMBER","label":"label.outboundMessageUrlQueueTime","required":false},{"@type":"taskProperty","name":"outboundMessageUrlToken","currentValue":"","type":"STRING","label":"label.outboundMessageUrlToken","required":false}],"optimizationPlan":"NONE","isMidstreamPreview":false,"parameters":[{"@type":"mtTaskParameter","id":97740620,"name":"$Source$","type":"EXTENDED_SOURCE","label":"Source","uiProperties":{"connectionParameterized":"false","isSelectDistinct":"false","isMsrcFilterParameterized":"false","isMsrcSortParameterized":"false","objectParameterized":"false","visible":"false","originalPath":"Source"},"sourceConnectionId":"@2Y1uWjzSks9k4LBBMssRo9","newFlatFile":false,"newObject":false,"showBusinessNames":false,"naturalOrder":true,"truncateTarget":false,"bulkApiDBTarget":false,"customFuncCfg":{"@type":"customFuncConfig","id":-1,"connections":[],"inputMap":[],"outputFields":[]},"targetRefsV2":{},"targetUpdateColumns":[],"extendedObject":{"@type":"extendedObject","object":{"@type":"mObject","name":"Bronze/Payments_Raw","label":"Bronze/Payments_Raw","metadataUpdated":false,"relations":[],"children":[]},"singleMode":true,"objects":[{"@type":"mObject","name":"Bronze/Payments_Raw","label":"Bronze/Payments_Raw","metadataUpdated":false,"relations":[],"children":[]}],"filters":[],"sortFields":[]},"runtimeAttrs":{},"isRESTModernSource":true,"isFileList":false,"handleSpecialChars":false,"handleDecimalRoundOff":false,"frsAsset":false,"dynamicFileName":false,"excludeDynamicFileNameField":false,"currentlyProcessedFileName":false,"retainFieldMetadata":false,"useExactSrcNames":false,"userUpdated":true,"tgtObjectAttributes":{},"runtimeParameterData":{"@type":"mtTaskRuntimeParameterData","isConnectionRuntimeParameter":false,"isObjectRuntimeParameter":false},"overridableProperties":[],"overriddenFields":[]},{"@type":"mtTaskParameter","id":97740621,"name":"$Target$","type":"TARGET","label":"Target","uiProperties":{"connectionParameterized":"false","objectParameterized":"false","visible":"false","defaultTargetUpdateColumns":"","supportApplyDDLChanges":"false","originalPath":"Target"},"targetConnectionId":"@2Y1uWjzSks9k4LBBMssRo9","targetObject":"Silver/Payments","targetObjectLabel":"Silver/Payments","newFlatFile":false,"newObject":false,"showBusinessNames":false,"naturalOrder":true,"truncateTarget":false,"bulkApiDBTarget":false,"operationType":"Insert","customFuncCfg":{"@type":"customFuncConfig","id":-1,"connections":[],"inputMap":[],"outputFields":[]},"targetRefsV2":{},"targetUpdateColumns":[],"extendedObject":{"@type":"extendedObject","singleMode":true,"filters":[],"sortFields":[]},"runtimeAttrs":{},"isRESTModernSource":true,"isFileList":false,"handleSpecialChars":false,"handleDecimalRoundOff":false,"frsAsset":false,"dynamicFileName":false,"excludeDynamicFileNameField":false,"currentlyProcessedFileName":false,"retainFieldMetadata":false,"objectName":"Silver/Payments","objectLabel":"Silver/Payments","useExactSrcNames":false,"userUpdated":true,"tgtObjectAttributes":{},"runtimeParameterData":{"@type":"mtTaskRuntimeParameterData","isConnectionRuntimeParameter":false,"isObjectRuntimeParameter":false},"overridableProperties":[],"overriddenFields":[]}],"sequences":[],"inOutParameters":[],"connRuntimeAttrs":[]}]