[{"@type":"mappingTemplate","id":"@1","name":"m_order_silver_gold","description":"","autoExpireObject":false,"bundleVersion":"0","assetFrsGuid":"5UPvFGxflRjfFzE339iH40","templateId":"@3","deployTime":1741247526000,"hasParameters":false,"valid":true,"fixedConnection":true,"hasParametersDeployed":false,"fixedConnectionDeployed":true,"isSchemaValidationEnabled":false,"tasks":1,"mappingPreviewFileRecordId":"@2","documentType":"MAPPING","references":[{"@type":"reference","refObjectId":"@2Y1uWjzSks9k4LBBMssRo9","refType":"connection"}]}]