[{"@type":"mappingTemplate","id":"@1","name":"m_payment_file_bronze","description":"","autoExpireObject":false,"bundleVersion":"0","assetFrsGuid":"4QCIVRC6EaKil20eeALkqS","templateId":"@3","deployTime":1741167644000,"hasParameters":false,"valid":true,"fixedConnection":true,"hasParametersDeployed":false,"fixedConnectionDeployed":true,"isSchemaValidationEnabled":false,"tasks":1,"mappingPreviewFileRecordId":"@2","documentType":"MAPPING","references":[{"@type":"reference","refObjectId":"@aRwwe4SK0WviqxnwPJzDQv","refType":"connection"},{"@type":"reference","refObjectId":"@2Y1uWjzSks9k4LBBMssRo9","refType":"connection"}]}]